{
    "08UKL716": {
        "entries": [
            {
                "street": "Great Ocean Hwy",
                "type": "DRIVER_CHANGE",
                "who": "Cowboy Gamer",
                "speed": 0,
                "ts": 1759086685,
                "engine": 1000,
                "limit": 65,
                "els": false
            },
            {
                "street": "Great Ocean Hwy",
                "type": "DRIVER_LEFT",
                "who": "Cowboy Gamer",
                "speed": 0,
                "ts": 1759086688,
                "engine": 1000,
                "limit": 65,
                "els": false
            },
            {
                "street": "Great Ocean Hwy",
                "type": "DRIVER_CHANGE",
                "who": "Cowboy Gamer",
                "speed": 0,
                "ts": 1759086696,
                "engine": 1000,
                "limit": 65,
                "els": false
            },
            {
                "street": "Great Ocean Hwy",
                "type": "ELS_ON",
                "who": "Cowboy Gamer",
                "speed": 0,
                "ts": 1759086697,
                "engine": 1000,
                "limit": 65,
                "els": true
            },
            {
                "street": "Great Ocean Hwy",
                "type": "ELS_OFF",
                "who": "Cowboy Gamer",
                "speed": 1,
                "ts": 1759086722,
                "engine": 1000,
                "limit": 65,
                "els": false
            },
            {
                "street": "Great Ocean Hwy",
                "type": "ELS_ON",
                "who": "Cowboy Gamer",
                "speed": 0,
                "ts": 1759086727,
                "engine": 1000,
                "limit": 65,
                "els": true
            },
            {
                "street": "Great Ocean Hwy",
                "type": "ELS_OFF",
                "who": "Cowboy Gamer",
                "speed": 0,
                "ts": 1759086732,
                "engine": 1000,
                "limit": 65,
                "els": false
            },
            {
                "street": "Great Ocean Hwy",
                "type": "ELS_ON",
                "who": "Cowboy Gamer",
                "speed": 25,
                "ts": 1759086844,
                "engine": 997,
                "limit": 65,
                "els": true
            },
            {
                "street": "Great Ocean Hwy",
                "type": "ELS_OFF",
                "who": "Cowboy Gamer",
                "speed": 17,
                "ts": 1759086847,
                "engine": 997,
                "limit": 65,
                "els": false
            },
            {
                "street": "Great Ocean Hwy",
                "type": "DRIVER_LEFT",
                "who": "Cowboy Gamer",
                "speed": 0,
                "ts": 1759086849,
                "engine": 997,
                "limit": 65,
                "els": false
            }
        ]
    },
    "29QYR155": {
        "entries": [
            {
                "street": "Senora Fwy",
                "els": false,
                "who": "Cowboy Gamer",
                "type": "DRIVER_CHANGE",
                "ts": 1759087014,
                "engine": 1000,
                "speed": 0,
                "limit": 65
            },
            {
                "street": "Senora Fwy",
                "els": false,
                "who": "Cowboy Gamer",
                "type": "DRIVER_LEFT",
                "ts": 1759087016,
                "engine": 1000,
                "speed": 0,
                "limit": 65
            }
        ]
    }
}